{"_runtime":26.281028778,"train/loss":0.771,"train/grad_norm":0.5137690901756287,"_wandb":{"runtime":30},"train/learning_rate":3e-05,"train/epoch":0.128,"train/global_step":1,"_timestamp":1.7451381085955296e+09,"_step":0}