{"train/loss":0.771,"_timestamp":1.7451383254284663e+09,"train/grad_norm":0.5137690901756287,"_wandb":{"runtime":30},"_runtime":26.09050782,"train/learning_rate":3e-05,"train/global_step":1,"train/epoch":0.128,"_step":0}