{"train/global_step":1,"train/grad_norm":0.5137690901756287,"_wandb":{"runtime":29},"_runtime":25.624769593,"train/loss":0.771,"train/learning_rate":3e-05,"train/epoch":0.128,"_step":0,"_timestamp":1.745205574717104e+09}